title,company,location,link
39878,Zachary Piper Solutions LLC,Remote,https://www.indeed.com/viewjob?jk=9dfd34b97abe766a
PYTHON DEVELOPER,OC10,"Charlotte, NC",https://www.indeed.com/viewjob?jk=f26b8209c93fdd28
Python Developer Intern,OXO Solutions,"Ruby, SC",https://www.indeed.com/viewjob?jk=84a541c104b5b24c
Python Developer,Swan Software Solutions,"Carmel, IN",https://www.indeed.com/viewjob?jk=32eaa9e1e80e8c5d
"C++, Python Engineer","JPMorgan Chase Bank, N.A.","New York, NY",https://www.indeed.com/viewjob?jk=e7eea1cdccfaaee9
MATCHMOVERS,Gradient Effects,"Los Angeles, CA",https://www.indeed.com/viewjob?jk=f4f6c6a51596e7e9
Biostatistician Intern (Remote),23andMe,California,https://www.indeed.com/viewjob?jk=f2e191439e7d9cf9
Data Linguist-II,Amazon.com Services LLC,"Cambridge, MA",https://www.indeed.com/viewjob?jk=e157579bf793116a
Mid-Level Python Developer,HEXACT,Remote,https://www.indeed.com/viewjob?jk=b38c72a0024ad418
Data Analyst Intern (Summer 2021),Panasonic Corporation of North America,"Denver, CO",https://www.indeed.com/viewjob?jk=882450bf3eb30b50
Entry Level Back End Developer: 2021,IBM,United States,https://www.indeed.com/viewjob?jk=4757a8891a7150f6
Customer Support Representative,CodeCombat,Remote,https://www.indeed.com/viewjob?jk=1534083f45439429
Python Developer,Highbrow-Tech,"Bellevue, WA",https://www.indeed.com/viewjob?jk=70912d7ae92ee088
Data Scientist - Entry Level,Numerdox,"Sacramento, CA",https://www.indeed.com/viewjob?jk=3dde0133818987f0
"Launch Internship, Summer 2021 - Location Flexible",Dropbox,California,https://www.indeed.com/viewjob?jk=c95324f57292851a
DeviceDriverDeveloper,Celandyne Software Solutions,"Santa Clara, CA",https://www.indeed.com/viewjob?jk=dc4167b0434a8ff6
PYTHON DEVELOPER,Pythonwise,"Seattle, WA",https://www.indeed.com/viewjob?jk=1a20a1c56fb7df73
"Physicist Intern, Physical Modeling",Facebook,Remote,https://www.indeed.com/viewjob?jk=ceeac7cf3ed92594
R&D Scientist Intern - Risk Prediction Modeling (Remote),23andMe,California,https://www.indeed.com/viewjob?jk=bbed3974ec93f8f5
Software Development Engineer Apprentice,Amazon.com Services LLC,California,https://www.indeed.com/viewjob?jk=d12335c848feb0f5
Junior Security Engineer,Curriculum Associates,Remote,https://www.indeed.com/viewjob?jk=fe9ccfcded834073
Python (Scala/Spark) Developer,Deloitte,"Lake Mary, FL",https://www.indeed.com/viewjob?jk=74a2b56ecaf839e9
Python Developer,Virtusa,"Hartford, CT",https://www.indeed.com/viewjob?jk=922777a6f4c52e0b
Software Engineering- Python,"JPMorgan Chase Bank, N.A.","Houston, TX",https://www.indeed.com/viewjob?jk=4d8d751cf6ce4647
Python ETL Developer,Athene,"West Des Moines, IA",https://www.indeed.com/viewjob?jk=41c89d3eada811f6
Python Developer,Intone Networks,Remote,https://www.indeed.com/viewjob?jk=49ad9bcdba27219d
QA Manual Tester-Remote,Agama Solutions,California,https://www.indeed.com/viewjob?jk=d7e6b9db8d900528
Entry Level Content Engineer - Kiewit Data Services (2021),Kiewit Corporation,Remote,https://www.indeed.com/viewjob?jk=28c035fd403f7670
Python Developer Trainee,Cndro,"Houston, TX",https://www.indeed.com/viewjob?jk=0cf2026f52be6bc9
Computational Biologist,Teiko.bio,Remote,https://www.indeed.com/viewjob?jk=f46c86dd80dc5d90
Python Developer,Spire Digital,"Denver, CO",https://www.indeed.com/viewjob?jk=6f1c7fcc5a94a198
2021 5G Communication Systems Research Intern,聯發科技,"San Diego, CA",https://www.indeed.com/viewjob?jk=73b999b5a7d7a419
Python Developer,Cresttek LLC,"Troy, MI",https://www.indeed.com/viewjob?jk=b7195effd54560bf
Entry Level Cognitive Developer: 2021,IBM,United States,https://www.indeed.com/viewjob?jk=44e6fd590062830f
Python Developer,PerchHQ,Remote,https://www.indeed.com/viewjob?jk=38181a8ebe650bbc
Entry Level Business Analyst (2+Years Exp),Agama Solutions,Arizona,https://www.indeed.com/viewjob?jk=e6e644c9c83e253c
Data Science Intern (Remote),23andMe,California,https://www.indeed.com/viewjob?jk=3120de68762b2de1
Research Scientist Intern,LOCKHEED MARTIN CORPORATION,"Louisville, CO",https://www.indeed.com/viewjob?jk=7a5a8fab20319820
Python Developer,Phrasee,Remote,https://www.indeed.com/viewjob?jk=085a511b377e3ecb
"Enterprise Engineer, Intern",Facebook,Remote,https://www.indeed.com/viewjob?jk=0e03b73d890a01e9
Software Developer – Entry Level,Grant Street Group,Remote,https://www.indeed.com/viewjob?jk=3b10e853d89531fa
Python Developer,LT Technology Services,"Hillsboro, OR",https://www.indeed.com/viewjob?jk=9dfb3efc7adc2d63
Software Engineer - Python,"Tenable, Inc",Remote,https://www.indeed.com/viewjob?jk=0182bb0a48f9e72f
"Security Engineer Investigator Intern, eCrime",Facebook,Remote,https://www.indeed.com/viewjob?jk=c3881bf94ec7e53c
Technology Internship Program,Engineers Gate,Remote,https://www.indeed.com/viewjob?jk=debdd740b190e94e
Data Center Production Operations Engineer (University Grad),Facebook,"Henrico County, VA",https://www.indeed.com/viewjob?jk=261b0dd11952d516
Blockchain Researcher,Coinbase,Remote,https://www.indeed.com/viewjob?jk=13f3869d8b85c1b8
Entry Level Software Engineer,Toyota Connected North America,"Plano, TX",https://www.indeed.com/viewjob?jk=4a6f6d5f7c9af731
Entry Level Software Engineer - Kiewit Data Services (2021),Kiewit Corporation,Remote,https://www.indeed.com/viewjob?jk=ef762957ff1dbd28
"Python Developer | Richmond, VA (Remote until 2021)",iknowvate technologies,"Richmond, VA",https://www.indeed.com/viewjob?jk=5a9a0ac14d0aaba7
39878,Zachary Piper Solutions LLC,Remote,https://www.indeed.com/viewjob?jk=9dfd34b97abe766a
PYTHON DEVELOPER,OC10,"Charlotte, NC",https://www.indeed.com/viewjob?jk=f26b8209c93fdd28
Python Developer Intern,OXO Solutions,"Ruby, SC",https://www.indeed.com/viewjob?jk=84a541c104b5b24c
Python Developer,Swan Software Solutions,"Carmel, IN",https://www.indeed.com/viewjob?jk=32eaa9e1e80e8c5d
"C++, Python Engineer","JPMorgan Chase Bank, N.A.","New York, NY",https://www.indeed.com/viewjob?jk=e7eea1cdccfaaee9
MATCHMOVERS,Gradient Effects,"Los Angeles, CA",https://www.indeed.com/viewjob?jk=f4f6c6a51596e7e9
Biostatistician Intern (Remote),23andMe,California,https://www.indeed.com/viewjob?jk=f2e191439e7d9cf9
Data Linguist-II,Amazon.com Services LLC,"Cambridge, MA",https://www.indeed.com/viewjob?jk=e157579bf793116a
Mid-Level Python Developer,HEXACT,Remote,https://www.indeed.com/viewjob?jk=b38c72a0024ad418
Data Analyst Intern (Summer 2021),Panasonic Corporation of North America,"Denver, CO",https://www.indeed.com/viewjob?jk=882450bf3eb30b50
Entry Level Back End Developer: 2021,IBM,United States,https://www.indeed.com/viewjob?jk=4757a8891a7150f6
Customer Support Representative,CodeCombat,Remote,https://www.indeed.com/viewjob?jk=1534083f45439429
Python Developer,Highbrow-Tech,"Bellevue, WA",https://www.indeed.com/viewjob?jk=70912d7ae92ee088
Data Scientist - Entry Level,Numerdox,"Sacramento, CA",https://www.indeed.com/viewjob?jk=3dde0133818987f0
"Launch Internship, Summer 2021 - Location Flexible",Dropbox,California,https://www.indeed.com/viewjob?jk=c95324f57292851a
DeviceDriverDeveloper,Celandyne Software Solutions,"Santa Clara, CA",https://www.indeed.com/viewjob?jk=dc4167b0434a8ff6
PYTHON DEVELOPER,Pythonwise,"Seattle, WA",https://www.indeed.com/viewjob?jk=1a20a1c56fb7df73
"Physicist Intern, Physical Modeling",Facebook,Remote,https://www.indeed.com/viewjob?jk=ceeac7cf3ed92594
R&D Scientist Intern - Risk Prediction Modeling (Remote),23andMe,California,https://www.indeed.com/viewjob?jk=bbed3974ec93f8f5
Software Development Engineer Apprentice,Amazon.com Services LLC,California,https://www.indeed.com/viewjob?jk=d12335c848feb0f5
Junior Security Engineer,Curriculum Associates,Remote,https://www.indeed.com/viewjob?jk=fe9ccfcded834073
Python (Scala/Spark) Developer,Deloitte,"Lake Mary, FL",https://www.indeed.com/viewjob?jk=74a2b56ecaf839e9
Python Developer,Virtusa,"Hartford, CT",https://www.indeed.com/viewjob?jk=922777a6f4c52e0b
Software Engineering- Python,"JPMorgan Chase Bank, N.A.","Houston, TX",https://www.indeed.com/viewjob?jk=4d8d751cf6ce4647
Python ETL Developer,Athene,"West Des Moines, IA",https://www.indeed.com/viewjob?jk=41c89d3eada811f6
Python Developer,Intone Networks,Remote,https://www.indeed.com/viewjob?jk=49ad9bcdba27219d
QA Manual Tester-Remote,Agama Solutions,California,https://www.indeed.com/viewjob?jk=d7e6b9db8d900528
Entry Level Content Engineer - Kiewit Data Services (2021),Kiewit Corporation,Remote,https://www.indeed.com/viewjob?jk=28c035fd403f7670
Python Developer Trainee,Cndro,"Houston, TX",https://www.indeed.com/viewjob?jk=0cf2026f52be6bc9
Computational Biologist,Teiko.bio,Remote,https://www.indeed.com/viewjob?jk=f46c86dd80dc5d90
Python Developer,Spire Digital,"Denver, CO",https://www.indeed.com/viewjob?jk=6f1c7fcc5a94a198
2021 5G Communication Systems Research Intern,聯發科技,"San Diego, CA",https://www.indeed.com/viewjob?jk=73b999b5a7d7a419
Python Developer,Cresttek LLC,"Troy, MI",https://www.indeed.com/viewjob?jk=b7195effd54560bf
Entry Level Cognitive Developer: 2021,IBM,United States,https://www.indeed.com/viewjob?jk=44e6fd590062830f
Python Developer,PerchHQ,Remote,https://www.indeed.com/viewjob?jk=38181a8ebe650bbc
Entry Level Business Analyst (2+Years Exp),Agama Solutions,Arizona,https://www.indeed.com/viewjob?jk=e6e644c9c83e253c
Data Science Intern (Remote),23andMe,California,https://www.indeed.com/viewjob?jk=3120de68762b2de1
Research Scientist Intern,LOCKHEED MARTIN CORPORATION,"Louisville, CO",https://www.indeed.com/viewjob?jk=7a5a8fab20319820
Python Developer,Phrasee,Remote,https://www.indeed.com/viewjob?jk=085a511b377e3ecb
"Enterprise Engineer, Intern",Facebook,Remote,https://www.indeed.com/viewjob?jk=0e03b73d890a01e9
Software Developer – Entry Level,Grant Street Group,Remote,https://www.indeed.com/viewjob?jk=3b10e853d89531fa
Python Developer,LT Technology Services,"Hillsboro, OR",https://www.indeed.com/viewjob?jk=9dfb3efc7adc2d63
Software Engineer - Python,"Tenable, Inc",Remote,https://www.indeed.com/viewjob?jk=0182bb0a48f9e72f
"Security Engineer Investigator Intern, eCrime",Facebook,Remote,https://www.indeed.com/viewjob?jk=c3881bf94ec7e53c
Technology Internship Program,Engineers Gate,Remote,https://www.indeed.com/viewjob?jk=debdd740b190e94e
Data Center Production Operations Engineer (University Grad),Facebook,"Henrico County, VA",https://www.indeed.com/viewjob?jk=261b0dd11952d516
Blockchain Researcher,Coinbase,Remote,https://www.indeed.com/viewjob?jk=13f3869d8b85c1b8
Entry Level Software Engineer,Toyota Connected North America,"Plano, TX",https://www.indeed.com/viewjob?jk=4a6f6d5f7c9af731
Entry Level Software Engineer - Kiewit Data Services (2021),Kiewit Corporation,Remote,https://www.indeed.com/viewjob?jk=ef762957ff1dbd28
"Python Developer | Richmond, VA (Remote until 2021)",iknowvate technologies,"Richmond, VA",https://www.indeed.com/viewjob?jk=5a9a0ac14d0aaba7
39878,Zachary Piper Solutions LLC,Remote,https://www.indeed.com/viewjob?jk=9dfd34b97abe766a
PYTHON DEVELOPER,OC10,"Charlotte, NC",https://www.indeed.com/viewjob?jk=f26b8209c93fdd28
Python Developer Intern,OXO Solutions,"Ruby, SC",https://www.indeed.com/viewjob?jk=84a541c104b5b24c
Python Developer,Swan Software Solutions,"Carmel, IN",https://www.indeed.com/viewjob?jk=32eaa9e1e80e8c5d
"C++, Python Engineer","JPMorgan Chase Bank, N.A.","New York, NY",https://www.indeed.com/viewjob?jk=e7eea1cdccfaaee9
MATCHMOVERS,Gradient Effects,"Los Angeles, CA",https://www.indeed.com/viewjob?jk=f4f6c6a51596e7e9
Biostatistician Intern (Remote),23andMe,California,https://www.indeed.com/viewjob?jk=f2e191439e7d9cf9
Data Linguist-II,Amazon.com Services LLC,"Cambridge, MA",https://www.indeed.com/viewjob?jk=e157579bf793116a
Mid-Level Python Developer,HEXACT,Remote,https://www.indeed.com/viewjob?jk=b38c72a0024ad418
Data Analyst Intern (Summer 2021),Panasonic Corporation of North America,"Denver, CO",https://www.indeed.com/viewjob?jk=882450bf3eb30b50
Entry Level Back End Developer: 2021,IBM,United States,https://www.indeed.com/viewjob?jk=4757a8891a7150f6
Customer Support Representative,CodeCombat,Remote,https://www.indeed.com/viewjob?jk=1534083f45439429
Python Developer,Highbrow-Tech,"Bellevue, WA",https://www.indeed.com/viewjob?jk=70912d7ae92ee088
Data Scientist - Entry Level,Numerdox,"Sacramento, CA",https://www.indeed.com/viewjob?jk=3dde0133818987f0
"Launch Internship, Summer 2021 - Location Flexible",Dropbox,California,https://www.indeed.com/viewjob?jk=c95324f57292851a
DeviceDriverDeveloper,Celandyne Software Solutions,"Santa Clara, CA",https://www.indeed.com/viewjob?jk=dc4167b0434a8ff6
PYTHON DEVELOPER,Pythonwise,"Seattle, WA",https://www.indeed.com/viewjob?jk=1a20a1c56fb7df73
"Physicist Intern, Physical Modeling",Facebook,Remote,https://www.indeed.com/viewjob?jk=ceeac7cf3ed92594
R&D Scientist Intern - Risk Prediction Modeling (Remote),23andMe,California,https://www.indeed.com/viewjob?jk=bbed3974ec93f8f5
Software Development Engineer Apprentice,Amazon.com Services LLC,California,https://www.indeed.com/viewjob?jk=d12335c848feb0f5
Junior Security Engineer,Curriculum Associates,Remote,https://www.indeed.com/viewjob?jk=fe9ccfcded834073
Python (Scala/Spark) Developer,Deloitte,"Lake Mary, FL",https://www.indeed.com/viewjob?jk=74a2b56ecaf839e9
Python Developer,Virtusa,"Hartford, CT",https://www.indeed.com/viewjob?jk=922777a6f4c52e0b
Software Engineering- Python,"JPMorgan Chase Bank, N.A.","Houston, TX",https://www.indeed.com/viewjob?jk=4d8d751cf6ce4647
Python ETL Developer,Athene,"West Des Moines, IA",https://www.indeed.com/viewjob?jk=41c89d3eada811f6
Python Developer,Intone Networks,Remote,https://www.indeed.com/viewjob?jk=49ad9bcdba27219d
QA Manual Tester-Remote,Agama Solutions,California,https://www.indeed.com/viewjob?jk=d7e6b9db8d900528
Entry Level Content Engineer - Kiewit Data Services (2021),Kiewit Corporation,Remote,https://www.indeed.com/viewjob?jk=28c035fd403f7670
Python Developer Trainee,Cndro,"Houston, TX",https://www.indeed.com/viewjob?jk=0cf2026f52be6bc9
Computational Biologist,Teiko.bio,Remote,https://www.indeed.com/viewjob?jk=f46c86dd80dc5d90
Python Developer,Spire Digital,"Denver, CO",https://www.indeed.com/viewjob?jk=6f1c7fcc5a94a198
2021 5G Communication Systems Research Intern,聯發科技,"San Diego, CA",https://www.indeed.com/viewjob?jk=73b999b5a7d7a419
Python Developer,Cresttek LLC,"Troy, MI",https://www.indeed.com/viewjob?jk=b7195effd54560bf
Entry Level Cognitive Developer: 2021,IBM,United States,https://www.indeed.com/viewjob?jk=44e6fd590062830f
Python Developer,PerchHQ,Remote,https://www.indeed.com/viewjob?jk=38181a8ebe650bbc
Entry Level Business Analyst (2+Years Exp),Agama Solutions,Arizona,https://www.indeed.com/viewjob?jk=e6e644c9c83e253c
Data Science Intern (Remote),23andMe,California,https://www.indeed.com/viewjob?jk=3120de68762b2de1
Research Scientist Intern,LOCKHEED MARTIN CORPORATION,"Louisville, CO",https://www.indeed.com/viewjob?jk=7a5a8fab20319820
Python Developer,Phrasee,Remote,https://www.indeed.com/viewjob?jk=085a511b377e3ecb
"Enterprise Engineer, Intern",Facebook,Remote,https://www.indeed.com/viewjob?jk=0e03b73d890a01e9
Software Developer – Entry Level,Grant Street Group,Remote,https://www.indeed.com/viewjob?jk=3b10e853d89531fa
Python Developer,LT Technology Services,"Hillsboro, OR",https://www.indeed.com/viewjob?jk=9dfb3efc7adc2d63
Software Engineer - Python,"Tenable, Inc",Remote,https://www.indeed.com/viewjob?jk=0182bb0a48f9e72f
"Security Engineer Investigator Intern, eCrime",Facebook,Remote,https://www.indeed.com/viewjob?jk=c3881bf94ec7e53c
Technology Internship Program,Engineers Gate,Remote,https://www.indeed.com/viewjob?jk=debdd740b190e94e
Data Center Production Operations Engineer (University Grad),Facebook,"Henrico County, VA",https://www.indeed.com/viewjob?jk=261b0dd11952d516
Blockchain Researcher,Coinbase,Remote,https://www.indeed.com/viewjob?jk=13f3869d8b85c1b8
Entry Level Software Engineer,Toyota Connected North America,"Plano, TX",https://www.indeed.com/viewjob?jk=4a6f6d5f7c9af731
Entry Level Software Engineer - Kiewit Data Services (2021),Kiewit Corporation,Remote,https://www.indeed.com/viewjob?jk=ef762957ff1dbd28
"Python Developer | Richmond, VA (Remote until 2021)",iknowvate technologies,"Richmond, VA",https://www.indeed.com/viewjob?jk=5a9a0ac14d0aaba7
39878,Zachary Piper Solutions LLC,Remote,https://www.indeed.com/viewjob?jk=9dfd34b97abe766a
PYTHON DEVELOPER,OC10,"Charlotte, NC",https://www.indeed.com/viewjob?jk=f26b8209c93fdd28
Python Developer Intern,OXO Solutions,"Ruby, SC",https://www.indeed.com/viewjob?jk=84a541c104b5b24c
Python Developer,Swan Software Solutions,"Carmel, IN",https://www.indeed.com/viewjob?jk=32eaa9e1e80e8c5d
"C++, Python Engineer","JPMorgan Chase Bank, N.A.","New York, NY",https://www.indeed.com/viewjob?jk=e7eea1cdccfaaee9
MATCHMOVERS,Gradient Effects,"Los Angeles, CA",https://www.indeed.com/viewjob?jk=f4f6c6a51596e7e9
Biostatistician Intern (Remote),23andMe,California,https://www.indeed.com/viewjob?jk=f2e191439e7d9cf9
Data Linguist-II,Amazon.com Services LLC,"Cambridge, MA",https://www.indeed.com/viewjob?jk=e157579bf793116a
Mid-Level Python Developer,HEXACT,Remote,https://www.indeed.com/viewjob?jk=b38c72a0024ad418
Data Analyst Intern (Summer 2021),Panasonic Corporation of North America,"Denver, CO",https://www.indeed.com/viewjob?jk=882450bf3eb30b50
Entry Level Back End Developer: 2021,IBM,United States,https://www.indeed.com/viewjob?jk=4757a8891a7150f6
Customer Support Representative,CodeCombat,Remote,https://www.indeed.com/viewjob?jk=1534083f45439429
Python Developer,Highbrow-Tech,"Bellevue, WA",https://www.indeed.com/viewjob?jk=70912d7ae92ee088
Data Scientist - Entry Level,Numerdox,"Sacramento, CA",https://www.indeed.com/viewjob?jk=3dde0133818987f0
"Launch Internship, Summer 2021 - Location Flexible",Dropbox,California,https://www.indeed.com/viewjob?jk=c95324f57292851a
DeviceDriverDeveloper,Celandyne Software Solutions,"Santa Clara, CA",https://www.indeed.com/viewjob?jk=dc4167b0434a8ff6
PYTHON DEVELOPER,Pythonwise,"Seattle, WA",https://www.indeed.com/viewjob?jk=1a20a1c56fb7df73
"Physicist Intern, Physical Modeling",Facebook,Remote,https://www.indeed.com/viewjob?jk=ceeac7cf3ed92594
R&D Scientist Intern - Risk Prediction Modeling (Remote),23andMe,California,https://www.indeed.com/viewjob?jk=bbed3974ec93f8f5
Software Development Engineer Apprentice,Amazon.com Services LLC,California,https://www.indeed.com/viewjob?jk=d12335c848feb0f5
Junior Security Engineer,Curriculum Associates,Remote,https://www.indeed.com/viewjob?jk=fe9ccfcded834073
Python (Scala/Spark) Developer,Deloitte,"Lake Mary, FL",https://www.indeed.com/viewjob?jk=74a2b56ecaf839e9
Python Developer,Virtusa,"Hartford, CT",https://www.indeed.com/viewjob?jk=922777a6f4c52e0b
Software Engineering- Python,"JPMorgan Chase Bank, N.A.","Houston, TX",https://www.indeed.com/viewjob?jk=4d8d751cf6ce4647
Python ETL Developer,Athene,"West Des Moines, IA",https://www.indeed.com/viewjob?jk=41c89d3eada811f6
Python Developer,Intone Networks,Remote,https://www.indeed.com/viewjob?jk=49ad9bcdba27219d
QA Manual Tester-Remote,Agama Solutions,California,https://www.indeed.com/viewjob?jk=d7e6b9db8d900528
Entry Level Content Engineer - Kiewit Data Services (2021),Kiewit Corporation,Remote,https://www.indeed.com/viewjob?jk=28c035fd403f7670
Python Developer Trainee,Cndro,"Houston, TX",https://www.indeed.com/viewjob?jk=0cf2026f52be6bc9
Computational Biologist,Teiko.bio,Remote,https://www.indeed.com/viewjob?jk=f46c86dd80dc5d90
Python Developer,Spire Digital,"Denver, CO",https://www.indeed.com/viewjob?jk=6f1c7fcc5a94a198
2021 5G Communication Systems Research Intern,聯發科技,"San Diego, CA",https://www.indeed.com/viewjob?jk=73b999b5a7d7a419
Python Developer,Cresttek LLC,"Troy, MI",https://www.indeed.com/viewjob?jk=b7195effd54560bf
Entry Level Cognitive Developer: 2021,IBM,United States,https://www.indeed.com/viewjob?jk=44e6fd590062830f
Python Developer,PerchHQ,Remote,https://www.indeed.com/viewjob?jk=38181a8ebe650bbc
Entry Level Business Analyst (2+Years Exp),Agama Solutions,Arizona,https://www.indeed.com/viewjob?jk=e6e644c9c83e253c
Data Science Intern (Remote),23andMe,California,https://www.indeed.com/viewjob?jk=3120de68762b2de1
Research Scientist Intern,LOCKHEED MARTIN CORPORATION,"Louisville, CO",https://www.indeed.com/viewjob?jk=7a5a8fab20319820
Python Developer,Phrasee,Remote,https://www.indeed.com/viewjob?jk=085a511b377e3ecb
"Enterprise Engineer, Intern",Facebook,Remote,https://www.indeed.com/viewjob?jk=0e03b73d890a01e9
Software Developer – Entry Level,Grant Street Group,Remote,https://www.indeed.com/viewjob?jk=3b10e853d89531fa
Python Developer,LT Technology Services,"Hillsboro, OR",https://www.indeed.com/viewjob?jk=9dfb3efc7adc2d63
Software Engineer - Python,"Tenable, Inc",Remote,https://www.indeed.com/viewjob?jk=0182bb0a48f9e72f
"Security Engineer Investigator Intern, eCrime",Facebook,Remote,https://www.indeed.com/viewjob?jk=c3881bf94ec7e53c
Technology Internship Program,Engineers Gate,Remote,https://www.indeed.com/viewjob?jk=debdd740b190e94e
Data Center Production Operations Engineer (University Grad),Facebook,"Henrico County, VA",https://www.indeed.com/viewjob?jk=261b0dd11952d516
Blockchain Researcher,Coinbase,Remote,https://www.indeed.com/viewjob?jk=13f3869d8b85c1b8
Entry Level Software Engineer,Toyota Connected North America,"Plano, TX",https://www.indeed.com/viewjob?jk=4a6f6d5f7c9af731
Entry Level Software Engineer - Kiewit Data Services (2021),Kiewit Corporation,Remote,https://www.indeed.com/viewjob?jk=ef762957ff1dbd28
"Python Developer | Richmond, VA (Remote until 2021)",iknowvate technologies,"Richmond, VA",https://www.indeed.com/viewjob?jk=5a9a0ac14d0aaba7
39878,Zachary Piper Solutions LLC,Remote,https://www.indeed.com/viewjob?jk=9dfd34b97abe766a
PYTHON DEVELOPER,OC10,"Charlotte, NC",https://www.indeed.com/viewjob?jk=f26b8209c93fdd28
Python Developer Intern,OXO Solutions,"Ruby, SC",https://www.indeed.com/viewjob?jk=84a541c104b5b24c
Python Developer,Swan Software Solutions,"Carmel, IN",https://www.indeed.com/viewjob?jk=32eaa9e1e80e8c5d
"C++, Python Engineer","JPMorgan Chase Bank, N.A.","New York, NY",https://www.indeed.com/viewjob?jk=e7eea1cdccfaaee9
MATCHMOVERS,Gradient Effects,"Los Angeles, CA",https://www.indeed.com/viewjob?jk=f4f6c6a51596e7e9
Biostatistician Intern (Remote),23andMe,California,https://www.indeed.com/viewjob?jk=f2e191439e7d9cf9
Data Linguist-II,Amazon.com Services LLC,"Cambridge, MA",https://www.indeed.com/viewjob?jk=e157579bf793116a
Mid-Level Python Developer,HEXACT,Remote,https://www.indeed.com/viewjob?jk=b38c72a0024ad418
Data Analyst Intern (Summer 2021),Panasonic Corporation of North America,"Denver, CO",https://www.indeed.com/viewjob?jk=882450bf3eb30b50
Entry Level Back End Developer: 2021,IBM,United States,https://www.indeed.com/viewjob?jk=4757a8891a7150f6
Customer Support Representative,CodeCombat,Remote,https://www.indeed.com/viewjob?jk=1534083f45439429
Python Developer,Highbrow-Tech,"Bellevue, WA",https://www.indeed.com/viewjob?jk=70912d7ae92ee088
Data Scientist - Entry Level,Numerdox,"Sacramento, CA",https://www.indeed.com/viewjob?jk=3dde0133818987f0
"Launch Internship, Summer 2021 - Location Flexible",Dropbox,California,https://www.indeed.com/viewjob?jk=c95324f57292851a
DeviceDriverDeveloper,Celandyne Software Solutions,"Santa Clara, CA",https://www.indeed.com/viewjob?jk=dc4167b0434a8ff6
PYTHON DEVELOPER,Pythonwise,"Seattle, WA",https://www.indeed.com/viewjob?jk=1a20a1c56fb7df73
"Physicist Intern, Physical Modeling",Facebook,Remote,https://www.indeed.com/viewjob?jk=ceeac7cf3ed92594
R&D Scientist Intern - Risk Prediction Modeling (Remote),23andMe,California,https://www.indeed.com/viewjob?jk=bbed3974ec93f8f5
Software Development Engineer Apprentice,Amazon.com Services LLC,California,https://www.indeed.com/viewjob?jk=d12335c848feb0f5
Junior Security Engineer,Curriculum Associates,Remote,https://www.indeed.com/viewjob?jk=fe9ccfcded834073
Python (Scala/Spark) Developer,Deloitte,"Lake Mary, FL",https://www.indeed.com/viewjob?jk=74a2b56ecaf839e9
Python Developer,Virtusa,"Hartford, CT",https://www.indeed.com/viewjob?jk=922777a6f4c52e0b
Software Engineering- Python,"JPMorgan Chase Bank, N.A.","Houston, TX",https://www.indeed.com/viewjob?jk=4d8d751cf6ce4647
Python ETL Developer,Athene,"West Des Moines, IA",https://www.indeed.com/viewjob?jk=41c89d3eada811f6
Python Developer,Intone Networks,Remote,https://www.indeed.com/viewjob?jk=49ad9bcdba27219d
QA Manual Tester-Remote,Agama Solutions,California,https://www.indeed.com/viewjob?jk=d7e6b9db8d900528
Entry Level Content Engineer - Kiewit Data Services (2021),Kiewit Corporation,Remote,https://www.indeed.com/viewjob?jk=28c035fd403f7670
Python Developer Trainee,Cndro,"Houston, TX",https://www.indeed.com/viewjob?jk=0cf2026f52be6bc9
Computational Biologist,Teiko.bio,Remote,https://www.indeed.com/viewjob?jk=f46c86dd80dc5d90
Python Developer,Spire Digital,"Denver, CO",https://www.indeed.com/viewjob?jk=6f1c7fcc5a94a198
2021 5G Communication Systems Research Intern,聯發科技,"San Diego, CA",https://www.indeed.com/viewjob?jk=73b999b5a7d7a419
Python Developer,Cresttek LLC,"Troy, MI",https://www.indeed.com/viewjob?jk=b7195effd54560bf
Entry Level Cognitive Developer: 2021,IBM,United States,https://www.indeed.com/viewjob?jk=44e6fd590062830f
Python Developer,PerchHQ,Remote,https://www.indeed.com/viewjob?jk=38181a8ebe650bbc
Entry Level Business Analyst (2+Years Exp),Agama Solutions,Arizona,https://www.indeed.com/viewjob?jk=e6e644c9c83e253c
Data Science Intern (Remote),23andMe,California,https://www.indeed.com/viewjob?jk=3120de68762b2de1
Research Scientist Intern,LOCKHEED MARTIN CORPORATION,"Louisville, CO",https://www.indeed.com/viewjob?jk=7a5a8fab20319820
Python Developer,Phrasee,Remote,https://www.indeed.com/viewjob?jk=085a511b377e3ecb
"Enterprise Engineer, Intern",Facebook,Remote,https://www.indeed.com/viewjob?jk=0e03b73d890a01e9
Software Developer – Entry Level,Grant Street Group,Remote,https://www.indeed.com/viewjob?jk=3b10e853d89531fa
Python Developer,LT Technology Services,"Hillsboro, OR",https://www.indeed.com/viewjob?jk=9dfb3efc7adc2d63
Software Engineer - Python,"Tenable, Inc",Remote,https://www.indeed.com/viewjob?jk=0182bb0a48f9e72f
"Security Engineer Investigator Intern, eCrime",Facebook,Remote,https://www.indeed.com/viewjob?jk=c3881bf94ec7e53c
Technology Internship Program,Engineers Gate,Remote,https://www.indeed.com/viewjob?jk=debdd740b190e94e
Data Center Production Operations Engineer (University Grad),Facebook,"Henrico County, VA",https://www.indeed.com/viewjob?jk=261b0dd11952d516
Blockchain Researcher,Coinbase,Remote,https://www.indeed.com/viewjob?jk=13f3869d8b85c1b8
Entry Level Software Engineer,Toyota Connected North America,"Plano, TX",https://www.indeed.com/viewjob?jk=4a6f6d5f7c9af731
Entry Level Software Engineer - Kiewit Data Services (2021),Kiewit Corporation,Remote,https://www.indeed.com/viewjob?jk=ef762957ff1dbd28
"Python Developer | Richmond, VA (Remote until 2021)",iknowvate technologies,"Richmond, VA",https://www.indeed.com/viewjob?jk=5a9a0ac14d0aaba7
